id,score
0,0.36323434114456177
1,0.35881149768829346
2,0.2822365164756775
3,0.33931097388267517
4,0.29905736446380615
5,0.841683030128479
6,0.30080723762512207
7,0.4202573895454407
8,1.0
9,0.825202226638794
10,0.4388039708137512
11,0.4073362350463867
12,0.39316853880882263
13,0.34038326144218445
14,1.0
15,0.39463603496551514
16,0.3567781150341034
17,0.3511054515838623
18,0.43333369493484497
19,0.34342876076698303
20,0.4380771815776825
21,0.9446272850036621
22,0.9310689568519592
23,0.2911117672920227
24,0.8910001516342163
25,0.8468177318572998
26,0.8938494920730591
27,0.34513765573501587
28,0.9406276941299438
29,0.8576372861862183
30,0.2988293766975403
31,0.3070613741874695
32,0.36615613102912903
33,0.3288229703903198
34,0.9169248938560486
35,0.9860296845436096
36,0.354278564453125
37,0.35563862323760986
38,0.30492180585861206
39,0.2978755235671997
40,0.9999999403953552
41,0.3255700170993805
42,0.328710675239563
43,0.30752360820770264
44,0.3367287516593933
45,0.9955812692642212
46,0.30430805683135986
47,0.3440982401371002
48,0.4009239673614502
49,0.3324882984161377
50,0.3647370934486389
51,0.35573506355285645
52,0.3594841957092285
53,0.9379661083221436
54,0.9935488700866699
55,0.36137229204177856
56,0.2994367778301239
57,0.9328117370605469
58,0.3887682557106018
59,0.3635833263397217
60,0.3575981557369232
61,0.2888607382774353
62,0.3752894997596741
63,0.3905092775821686
64,1.0
65,0.4009135067462921
66,0.36993294954299927
67,0.3585531711578369
68,0.2825967073440552
69,0.3517097234725952
70,0.33969646692276
71,1.0
72,1.0
73,0.9165166616439819
74,0.4087463617324829
75,0.33299964666366577
76,0.3402617573738098
77,0.30938148498535156
78,0.996082067489624
79,0.32816606760025024
80,0.3815974295139313
81,0.30014854669570923
82,0.3046850562095642
83,0.2993985414505005
84,0.378511905670166
85,0.3830515742301941
86,0.9640860557556152
87,0.43275460600852966
88,0.3485659956932068
89,0.30316346883773804
90,0.9168269634246826
91,0.9336535930633545
92,0.43145760893821716
93,0.32150721549987793
94,0.3298141658306122
95,0.42763981223106384
96,0.940746545791626
97,0.2959797978401184
98,0.36484581232070923
99,0.29895085096359253
100,0.43828850984573364
101,0.8835686445236206
102,0.926124095916748
103,0.36766350269317627
104,0.9956398010253906
105,0.3209594786167145
106,0.4059377610683441
107,0.313476026058197
108,0.927126407623291
109,0.29935020208358765
110,0.9926068782806396
111,0.30802419781684875
112,0.3077736496925354
113,0.38016778230667114
114,0.9362705945968628
115,0.9380632638931274
116,0.3248767554759979
117,0.3739965558052063
118,0.31621241569519043
119,0.3961653709411621
120,0.38196098804473877
121,0.9417139887809753
122,0.33686840534210205
123,0.31453776359558105
124,1.0
125,0.323264479637146
126,0.34802839159965515
127,0.4014696180820465
128,0.35018664598464966
129,0.32564830780029297
130,0.3204572796821594
131,0.36241602897644043
132,0.309063583612442
133,0.2944582998752594
134,0.43370407819747925
135,0.31984204053878784
136,0.9822148084640503
137,0.30824974179267883
138,1.0
139,0.39366385340690613
140,0.9439950585365295
141,0.31261059641838074
142,0.30689555406570435
143,0.35990333557128906
144,0.45664986968040466
145,1.0
146,0.3049964904785156
147,0.37113484740257263
148,1.0
149,0.31410741806030273
150,0.37388530373573303
151,0.28455424308776855
152,0.36016035079956055
153,0.9117729067802429
154,0.9999999403953552
155,0.31548410654067993
156,0.31640225648880005
157,0.35201698541641235
158,0.3064326345920563
159,0.30080723762512207
160,0.3357110023498535
161,0.2985456883907318
162,0.31175267696380615
163,0.31849944591522217
164,0.46676984429359436
165,0.3819540739059448
166,0.31143882870674133
167,0.3944920599460602
168,0.9961283206939697
169,0.9999999403953552
170,0.3647521734237671
171,0.3056974411010742
172,0.3057052195072174
173,0.3177391588687897
174,0.9828905463218689
175,0.31019327044487
176,0.4750710427761078
177,0.3606538772583008
178,0.31107258796691895
179,0.3790637254714966
180,0.31307077407836914
181,0.7329702973365784
182,0.9520485997200012
183,0.40171658992767334
184,0.38203346729278564
185,0.9509384632110596
186,0.4224420487880707
187,0.44862300157546997
188,0.30492180585861206
189,0.3232838809490204
190,0.33672451972961426
191,0.3052521347999573
192,0.305894136428833
193,0.7469976544380188
194,0.33264148235321045
195,0.9951595067977905
196,0.35431158542633057
197,0.39316248893737793
198,0.9913393259048462
199,0.3193245530128479
200,0.29582464694976807
201,0.34126922488212585
202,0.3869472146034241
203,0.986217737197876
204,0.42175719141960144
205,0.9177587032318115
206,0.3319546580314636
207,0.322249174118042
208,0.29786956310272217
209,0.3274386525154114
210,0.910236656665802
211,0.38224369287490845
212,0.35168710350990295
213,0.30456453561782837
214,0.39221611618995667
215,0.7911811470985413
216,0.294680118560791
217,0.33436548709869385
218,0.9916714429855347
219,0.3227791488170624
220,0.3733869791030884
221,0.9648669958114624
222,0.4233924448490143
223,0.36084797978401184
224,1.0
225,0.39586859941482544
226,0.3271912634372711
227,0.9448025226593018
228,0.44542616605758667
229,0.3613649010658264
230,0.4146224856376648
231,0.9627062082290649
232,0.31412509083747864
233,0.2825967073440552
234,0.3087998926639557
235,0.37916943430900574
236,0.9909626245498657
237,0.36129292845726013
238,0.30749255418777466
239,0.8991566300392151
240,0.3754139542579651
241,0.3595077097415924
242,0.30412769317626953
243,0.9858931303024292
244,0.9999999403953552
245,0.9999999403953552
246,0.32113194465637207
247,0.34930211305618286
248,0.3116389811038971
249,0.3489837944507599
250,0.3143314719200134
251,0.3829784393310547
252,0.4292270541191101
253,0.30578988790512085
254,0.3155904710292816
255,0.32964110374450684
256,0.45961207151412964
257,0.2985782027244568
258,0.3473893404006958
259,1.0
260,0.45013850927352905
261,0.9247629642486572
262,0.7598037719726562
263,0.3318846821784973
264,0.36879247426986694
265,0.29812729358673096
266,0.35882216691970825
267,0.3218933343887329
268,0.3511139750480652
269,0.3806540369987488
270,0.33100366592407227
271,0.3057052195072174
272,0.3050900101661682
273,0.9430637359619141
274,0.3362419009208679
275,0.3114248514175415
276,0.9731243848800659
277,0.36669445037841797
278,0.36299750208854675
279,0.3071931004524231
280,0.46501678228378296
281,0.3299582004547119
282,0.29877734184265137
283,0.6825680732727051
284,0.37017643451690674
285,0.3209841549396515
286,0.29701754450798035
287,0.37033510208129883
288,0.3052521347999573
289,0.3109411299228668
290,0.3669157028198242
291,0.36211419105529785
292,0.37723660469055176
293,0.3164506256580353
294,0.9999999403953552
295,1.0
296,0.4242982268333435
297,0.32079946994781494
298,0.3072349429130554
299,0.3179476261138916
300,0.9922550916671753
301,0.30164217948913574
302,0.3123188316822052
303,0.3130424916744232
304,0.299157977104187
305,0.30938148498535156
306,0.8629641532897949
307,0.449329137802124
308,0.3885207176208496
309,0.2944629192352295
310,0.3855980634689331
311,0.31108999252319336
312,0.42966213822364807
313,0.9961397647857666
314,0.3811108469963074
315,0.2978796362876892
316,0.3810840845108032
317,0.3010108172893524
318,0.9783762693405151
319,0.31312185525894165
320,0.8872041702270508
321,0.28932660818099976
322,0.30153369903564453
323,0.34685784578323364
324,0.4360544979572296
325,0.3025139570236206
326,0.3191611170768738
327,0.29893866181373596
328,0.3310178518295288
329,0.37190955877304077
330,0.4002645015716553
331,0.30786341428756714
332,0.29878225922584534
333,0.2999577522277832
334,0.31143882870674133
335,0.3265162706375122
336,0.36770355701446533
337,1.0
338,0.3116509020328522
339,0.3028237223625183
340,0.32005637884140015
341,0.9952408671379089
342,0.3259505331516266
343,0.8891605734825134
344,0.3634983003139496
345,0.373262882232666
346,0.9425233602523804
347,0.31072738766670227
348,0.9616027474403381
349,0.34771454334259033
350,0.2872673273086548
351,0.3006444573402405
352,0.31487780809402466
353,0.3101426661014557
354,0.32841554284095764
355,0.4172956943511963
356,0.36943918466567993
357,0.29656320810317993
358,1.0
359,0.30533158779144287